rider_id,rider_name,joining_date,vehicle_type,city
RDR001,Pushti Mangat,2025-11-12,Bicycle,Pune
RDR002,Unnati Khare,2025-11-30,Bike,Bangalore
RDR003,Diya Rao,2025-12-15,Bike,Bangalore
RDR004,Yochana Kumar,2024-10-25,Scooter,Mumbai
RDR005,Harinakshi Hayre,2024-11-27,Bicycle,Bangalore
RDR006,Netra Goel,2024-10-19,Bike,Bangalore
RDR007,Omkaar Sehgal,2025-10-23,Bicycle,Bangalore
RDR008,Triya Luthra,2024-09-27,Scooter,Mumbai
RDR009,Anjali Mand,2024-06-12,Bicycle,Bangalore
RDR010,Oeshi Venkataraman,2025-08-04,Scooter,Mumbai
RDR011,Omisha Bahri,2026-04-30,Bicycle,Mumbai
RDR012,Ekavir Goel,2025-06-09,Scooter,Mumbai
RDR013,Kiaan Bhatia,2025-12-02,Bike,Bangalore
RDR014,Sneha Sandhu,2025-08-22,Bicycle,Mumbai
RDR015,Omisha Raval,2026-04-23,Scooter,Pune
RDR016,Manthan Pandey,2026-01-12,Bike,Pune
RDR017,Jacob Dass,2026-02-21,Bike,Mumbai
RDR018,Waida Bhakta,2024-08-23,Bike,Pune
RDR019,Warda Chatterjee,2024-10-07,Scooter,Bangalore
RDR020,Falguni Bhasin,2024-11-14,Bike,Bangalore
RDR021,Yasti Nayak,2025-02-05,Bike,Mumbai
RDR022,Oni Chandran,2024-10-01,Bicycle,Bangalore
RDR023,Chaaya Dara,2024-10-12,Scooter,Bangalore
RDR024,Jalsa Kapoor,2025-01-01,Bicycle,Bangalore
RDR025,Owen Sarin,2025-08-12,Bike,Bangalore
RDR026,Daniel De,2024-06-12,Bike,Bangalore
RDR027,Neha Chopra,2025-12-16,Bike,Bangalore
RDR028,Omisha Rajagopalan,2025-05-18,Scooter,Mumbai
RDR029,Yoshita Viswanathan,2024-07-23,Scooter,Mumbai
RDR030,Aadi Patla,2025-08-30,Scooter,Bangalore
RDR031,Quincy Solanki,2024-08-11,Bicycle,Bangalore
RDR032,Rehaan Madan,2024-12-22,Bike,Pune
RDR033,Fiyaz Ravi,2026-03-14,Bike,Bangalore
RDR034,Yochana Prashad,2024-09-17,Scooter,Mumbai
RDR035,Anmol Mammen,2025-11-19,Scooter,Pune
RDR036,Vrinda Chaudhari,2025-12-08,Bicycle,Bangalore
RDR037,Tarak Yogi,2024-07-07,Scooter,Pune
RDR038,Raksha Muni,2024-07-18,Bike,Mumbai
RDR039,Shravya Choudhary,2025-03-27,Bike,Bangalore
RDR040,Vedika Ramanathan,2025-03-18,Bike,Mumbai
RDR041,Advika Deol,2024-09-06,Scooter,Pune
RDR042,Kashvi Subramaniam,2025-03-05,Bicycle,Pune
RDR043,Ronith Patla,2026-01-11,Scooter,Pune
RDR044,Bhavna Dugal,2024-09-14,Bike,Pune
RDR045,Ekanta Mandal,2025-10-12,Scooter,Pune
RDR046,Shivani Basak,2026-03-07,Bike,Bangalore
RDR047,Manthan Kamdar,2024-08-14,Scooter,Pune
RDR048,Gauri Gala,2024-08-23,Bike,Pune
RDR049,Chatura Jain,2026-02-01,Bike,Bangalore
RDR050,Kalpit Lad,2026-02-25,Bike,Mumbai
RDR051,Rushil Bava,2026-01-13,Bike,Pune
RDR052,Viraj Sundaram,2024-11-12,Scooter,Pune
RDR053,Wazir Sankar,2024-08-18,Scooter,Pune
RDR054,Ganga Bahl,2025-09-07,Scooter,Mumbai
RDR055,Sanaya Rama,2025-06-17,Bike,Bangalore
RDR056,Hemangini Prasad,2025-06-24,Scooter,Pune
RDR057,Ikshita Dugar,2026-01-06,Scooter,Mumbai
RDR058,Oeshi Deep,2025-09-10,Scooter,Pune
RDR059,Ikbal Ahluwalia,2025-05-18,Scooter,Bangalore
RDR060,Krishna Garde,2026-05-16,Bicycle,Mumbai
RDR061,Ishani Srinivas,2025-11-16,Scooter,Mumbai
RDR062,Raghav Sani,2024-08-06,Bike,Bangalore
RDR063,Nilima Krishnan,2026-04-05,Bike,Bangalore
RDR064,Jagrati Korpal,2025-02-08,Bike,Bangalore
RDR065,Charvi Patel,2024-11-04,Bicycle,Mumbai
RDR066,Siddharth Sundaram,2024-11-30,Bike,Mumbai
RDR067,George Ram,2024-07-25,Bike,Bangalore
RDR068,Chatura Sathe,2025-04-26,Scooter,Mumbai
RDR069,Vanya Gupta,2025-09-28,Bike,Bangalore
RDR070,Kavya Dhaliwal,2025-08-20,Bike,Mumbai
RDR071,Amaira Joshi,2025-06-08,Bike,Pune
RDR072,Pranav Krishnan,2024-07-29,Bicycle,Mumbai
RDR073,Yuvraj Bhandari,2026-03-03,Bike,Bangalore
RDR074,Nandini Mallick,2024-06-03,Bike,Pune
RDR075,Sudiksha Bahri,2025-10-24,Scooter,Mumbai
RDR076,Dominic Deshmukh,2025-08-11,Bicycle,Pune
RDR077,Onveer Menon,2024-12-07,Bike,Mumbai
RDR078,Patrick Kannan,2025-07-09,Scooter,Bangalore
RDR079,Idika Gandhi,2025-08-06,Bike,Pune
RDR080,Anika Chana,2025-12-04,Scooter,Pune
RDR081,Ekaja Wadhwa,2026-05-19,Bike,Pune
RDR082,Chanchal Chauhan,2025-09-08,Bike,Mumbai
RDR083,Dalbir Khatri,2025-07-20,Bike,Bangalore
RDR084,Harrison Gandhi,2024-07-25,Bike,Bangalore
RDR085,Charita Nath,2026-01-22,Bike,Bangalore
RDR086,Chameli Dara,2025-08-09,Bike,Bangalore
RDR087,Onkar Basak,2026-02-17,Bike,Pune
RDR088,Unnati Sunder,2025-06-14,Scooter,Mumbai
RDR089,Zayyan Mitter,2026-02-17,Scooter,Pune
RDR090,Ladli Dalal,2025-03-17,Bike,Pune
RDR091,Ubika Tank,2024-06-13,Bicycle,Bangalore
RDR092,Prisha Gara,2025-04-13,Scooter,Bangalore
RDR093,Bishakha Gill,2025-12-01,Scooter,Mumbai
RDR094,Vedant Talwar,2026-02-21,Bike,Mumbai
RDR095,Ethan Bali,2025-02-15,Bike,Mumbai
RDR096,Bhavya Ratta,2025-01-06,Bike,Mumbai
RDR097,Watika Barad,2024-11-13,Bike,Mumbai
RDR098,Mohammed Ramanathan,2025-11-04,Scooter,Mumbai
RDR099,Pranit Tailor,2025-10-26,Bike,Mumbai
RDR100,Xiti Agrawal,2025-08-01,Scooter,Mumbai
RDR101,Aarnav Thakkar,2025-01-20,Bike,Mumbai
RDR102,Nikita Kala,2024-07-26,Bike,Mumbai
RDR103,Dominic Mukhopadhyay,2024-08-05,Bike,Mumbai
RDR104,Gopal Toor,2024-09-08,Bicycle,Pune
RDR105,Waida Subramanian,2026-02-28,Bike,Mumbai
RDR106,Wriddhish Vaidya,2024-12-06,Bike,Bangalore
RDR107,Anika Biswas,2024-07-27,Scooter,Bangalore
RDR108,Thomas Sandhu,2025-04-19,Scooter,Mumbai
RDR109,Shravya Bail,2025-03-06,Bike,Pune
RDR110,Yashica Das,2026-02-14,Bike,Mumbai
RDR111,Luke Oommen,2026-04-06,Scooter,Bangalore
RDR112,Pavani Zacharia,2024-10-17,Scooter,Pune
RDR113,Indali Wadhwa,2024-07-22,Bicycle,Mumbai
RDR114,Warjas Jha,2025-01-30,Bike,Pune
RDR115,Nidhi Nayar,2025-04-11,Bike,Pune
RDR116,Varenya Bahri,2025-09-01,Bicycle,Mumbai
RDR117,Rayaan Varma,2024-09-29,Bike,Bangalore
RDR118,Jack Dass,2026-04-01,Scooter,Pune
RDR119,Ekanta Divan,2025-06-19,Scooter,Mumbai
RDR120,Faris Contractor,2025-04-28,Bike,Bangalore
RDR121,Anthony Palla,2025-11-10,Bicycle,Mumbai
RDR122,Eshana Johal,2024-09-12,Bike,Bangalore
RDR123,Xiti Prashad,2024-11-21,Bike,Pune
RDR124,Radhika Naik,2025-08-26,Bike,Mumbai
RDR125,Gauri Sani,2025-05-20,Bike,Mumbai
RDR126,Ekapad Sami,2026-04-15,Bike,Mumbai
RDR127,Siya Grover,2025-01-14,Bicycle,Pune
RDR128,Arjun Sagar,2025-09-20,Bike,Pune
RDR129,Maanav Nagy,2025-03-03,Bike,Bangalore
RDR130,Laksh Chopra,2025-11-17,Bicycle,Pune
RDR131,Aishani Menon,2024-12-23,Bike,Bangalore
RDR132,Falak Thakkar,2024-11-27,Scooter,Pune
RDR133,Upkaar Nagar,2025-06-02,Bike,Mumbai
RDR134,Maanav Mitra,2025-12-13,Scooter,Bangalore
RDR135,Frederick Grewal,2024-12-15,Bike,Bangalore
RDR136,Ishanvi Deo,2024-11-17,Scooter,Bangalore
RDR137,Libni Contractor,2025-08-06,Bike,Bangalore
RDR138,Bishakha Arya,2024-07-05,Bicycle,Pune
RDR139,Lajita Chaudhuri,2025-10-23,Scooter,Bangalore
RDR140,Lekha Konda,2024-09-26,Bicycle,Mumbai
RDR141,Damyanti Rattan,2025-06-15,Bicycle,Mumbai
RDR142,Urvi Hayer,2025-03-13,Scooter,Mumbai
RDR143,Jalsa Issac,2026-04-08,Bike,Pune
RDR144,Sai Saha,2026-01-09,Bike,Mumbai
RDR145,Devika Pau,2025-05-21,Bike,Mumbai
RDR146,Sneha Shroff,2025-02-23,Bicycle,Bangalore
RDR147,Radha Sane,2024-06-27,Bike,Mumbai
RDR148,Dalbir Gole,2025-07-27,Bicycle,Bangalore
RDR149,Ekansh Yohannan,2025-03-22,Bike,Pune
RDR150,Vanya Yadav,2026-05-01,Bike,Mumbai
RDR151,Zinal Biswas,2024-12-02,Scooter,Mumbai
RDR152,Harshil Panchal,2025-01-12,Bike,Bangalore
RDR153,Pahal Dash,2025-03-05,Bike,Bangalore
RDR154,Sathvik Bobal,2025-08-31,Bike,Bangalore
RDR155,Aarav Palan,2025-04-29,Bicycle,Pune
RDR156,Chaitanya Jani,2025-03-12,Scooter,Mumbai
RDR157,Wriddhish Sen,2025-01-16,Bike,Mumbai
RDR158,Anthony Palla,2025-10-11,Scooter,Mumbai
RDR159,Vedant Garde,2025-08-06,Bike,Bangalore
RDR160,Gabriel Madan,2026-02-25,Bicycle,Pune
RDR161,Theodore Jayaraman,2026-02-26,Scooter,Pune
RDR162,Patrick Nagar,2024-11-28,Scooter,Bangalore
RDR163,Tamanna Patel,2025-01-31,Scooter,Pune
RDR164,Nilima Setty,2026-03-05,Scooter,Mumbai
RDR165,Turvi Sodhi,2025-11-19,Scooter,Pune
RDR166,Bimala Goda,2025-08-30,Bike,Bangalore
RDR167,Rayaan Mangal,2026-02-12,Bike,Mumbai
RDR168,Maanav Solanki,2024-10-20,Bike,Bangalore
RDR169,Rajeshri Bajwa,2025-01-04,Bike,Mumbai
RDR170,Jhalak Handa,2025-07-24,Scooter,Bangalore
RDR171,Joshua Luthra,2024-10-15,Scooter,Mumbai
RDR172,Aadi Tara,2026-01-08,Scooter,Bangalore
RDR173,Jeevika Aggarwal,2025-07-12,Bicycle,Mumbai
RDR174,Prisha Mahajan,2026-04-15,Scooter,Mumbai
RDR175,Mohammed Kala,2025-01-18,Scooter,Pune
RDR176,Netra Choudhary,2026-04-10,Bike,Mumbai
RDR177,Janaki Kapur,2025-01-26,Bike,Pune
RDR178,Bachittar Kuruvilla,2026-02-24,Bike,Pune
RDR179,Ranveer Chandra,2024-09-30,Scooter,Pune
RDR180,Anvi Saraf,2026-04-06,Scooter,Mumbai
RDR181,Frado Kapoor,2026-05-22,Scooter,Bangalore
RDR182,Lopa Thakur,2024-10-26,Bicycle,Bangalore
RDR183,Ishaan Mangat,2025-04-22,Bicycle,Bangalore
RDR184,Chaitaly Vora,2025-04-19,Bike,Pune
RDR185,Dhriti Parikh,2024-10-30,Bike,Pune
RDR186,Balhaar Misra,2025-10-16,Bike,Pune
RDR187,Girik Singh,2025-03-03,Scooter,Bangalore
RDR188,Chaaya Dasgupta,2025-05-04,Scooter,Pune
RDR189,Zansi Loyal,2025-09-02,Bike,Bangalore
RDR190,Odika Sachar,2025-10-04,Bike,Pune
RDR191,Dhruv Arora,2025-10-17,Bicycle,Mumbai
RDR192,Chanakya Chaudhary,2024-08-31,Bike,Bangalore
RDR193,Amaira Guha,2025-02-02,Bike,Mumbai
RDR194,Panini Brar,2025-11-02,Bike,Mumbai
RDR195,Bhavika Sengupta,2025-02-20,Scooter,Pune
RDR196,Jackson Nair,2025-10-31,Bike,Pune
RDR197,Girish Sharaf,2025-08-23,Bike,Mumbai
RDR198,Neha Ghose,2025-04-17,Bike,Mumbai
RDR199,Rushil Barad,2025-08-04,Bicycle,Bangalore
RDR200,Triya Shetty,2025-08-02,Bike,Pune
RDR201,Gabriel Chopra,2026-01-03,Bike,Mumbai
RDR202,Zansi Ghose,2026-01-30,Bike,Pune
RDR203,Tanvi Zacharia,2025-07-08,Scooter,Mumbai
RDR204,Pushti Bahl,2025-09-17,Bike,Pune
RDR205,Jeevika Yohannan,2024-10-06,Scooter,Pune
RDR206,Ridhi Chaudry,2025-01-22,Scooter,Bangalore
RDR207,Pushti More,2025-10-04,Bike,Pune
RDR208,Tanay Sawhney,2024-12-04,Bike,Pune
RDR209,Anya Aurora,2025-07-12,Scooter,Mumbai
RDR210,Tamanna Issac,2025-03-05,Scooter,Mumbai
RDR211,Vihaan Som,2025-06-04,Bike,Mumbai
RDR212,Oeshi Sharma,2025-06-05,Bicycle,Pune
RDR213,Nakul Vala,2026-03-29,Bike,Bangalore
RDR214,Harita Sarraf,2025-03-24,Scooter,Mumbai
RDR215,Jhalak Krishnamurthy,2025-11-17,Bike,Mumbai
RDR216,Adweta Luthra,2025-04-27,Scooter,Mumbai
RDR217,Triya Purohit,2025-10-05,Bicycle,Mumbai
RDR218,Panini Ratti,2026-04-10,Bike,Pune
RDR219,Frederick Sen,2024-11-02,Scooter,Mumbai
RDR220,Watika Mishra,2026-01-17,Bicycle,Mumbai
RDR221,Niharika Gera,2026-02-06,Bike,Bangalore
RDR222,Ayaan Balasubramanian,2025-05-15,Bike,Bangalore
RDR223,Ryan Sami,2025-10-07,Scooter,Bangalore
RDR224,Finn Nagy,2024-12-08,Bike,Mumbai
RDR225,Dayita Ahluwalia,2024-06-12,Scooter,Mumbai
RDR226,Ishwar Nayak,2024-10-14,Bike,Mumbai
RDR227,Naksh Loke,2024-11-06,Bike,Pune
RDR228,Gaurangi Rana,2026-04-03,Bike,Pune
RDR229,Neelima Karpe,2024-07-23,Bike,Pune
RDR230,Fariq Pal,2025-08-18,Scooter,Mumbai
RDR231,Tanvi Dara,2026-03-16,Scooter,Pune
RDR232,Vasudha Gole,2025-02-04,Bicycle,Pune
RDR233,Quincy Contractor,2025-02-23,Bike,Bangalore
RDR234,Gavin Garde,2025-12-01,Bike,Bangalore
RDR235,Azad Sen,2024-11-12,Bike,Pune
RDR236,Jhalak Madan,2025-09-15,Bicycle,Pune
RDR237,Libni Anand,2024-11-12,Scooter,Pune
RDR238,Pooja Kala,2024-12-22,Bike,Bangalore
RDR239,Panini Buch,2024-11-13,Scooter,Pune
RDR240,Rohan Prakash,2026-03-14,Bike,Pune
RDR241,Yasti Sant,2025-04-24,Bike,Mumbai
RDR242,Lohit Rai,2025-05-06,Bicycle,Mumbai
RDR243,Nandini Sule,2025-05-31,Scooter,Mumbai
RDR244,Libni Parikh,2024-10-12,Scooter,Pune
RDR245,Aadi Naik,2025-11-27,Bike,Mumbai
RDR246,Raksha Balakrishnan,2025-02-09,Bike,Mumbai
RDR247,Eta Naik,2024-06-14,Bicycle,Pune
RDR248,Bhavini Mittal,2024-06-23,Scooter,Pune
RDR249,Advika Nair,2024-12-14,Scooter,Bangalore
RDR250,Vasana Borra,2024-10-21,Bike,Pune
RDR251,Dayita Borah,2025-04-20,Bike,Pune
RDR252,Rajata D’Alia,2025-09-14,Bike,Pune
RDR253,Gauri Sarin,2024-06-14,Bike,Pune
RDR254,Samaksh Walla,2025-01-19,Bike,Mumbai
RDR255,Xiti Mani,2025-02-10,Bicycle,Mumbai
RDR256,Hiral Gade,2025-02-12,Bike,Bangalore
RDR257,Gaurangi Golla,2025-07-02,Scooter,Bangalore
RDR258,Chatresh Comar,2025-12-21,Bike,Pune
RDR259,Urmi Kala,2024-12-23,Bicycle,Mumbai
RDR260,Upkaar Das,2025-08-16,Bike,Mumbai
RDR261,Arya Kapur,2025-07-27,Scooter,Bangalore
RDR262,Yashvi Om,2025-02-06,Scooter,Bangalore
RDR263,Ekaja Bakshi,2025-07-23,Bike,Pune
RDR264,Kabir Nazareth,2024-10-20,Scooter,Bangalore
RDR265,Vaishnavi Pant,2025-09-16,Bike,Bangalore
RDR266,Noah Rajagopal,2025-12-01,Scooter,Pune
RDR267,Anvi Din,2025-10-18,Bike,Pune
RDR268,Darika Mallick,2025-08-18,Scooter,Pune
RDR269,Vamakshi Sehgal,2025-12-19,Bike,Bangalore
RDR270,Rudra Bedi,2026-01-01,Bike,Bangalore
RDR271,Michael Dada,2024-10-22,Bike,Pune
RDR272,Raagini Tripathi,2026-05-12,Scooter,Bangalore
RDR273,Ladli Nagar,2024-10-01,Scooter,Mumbai
RDR274,Arjun Raja,2025-05-24,Scooter,Mumbai
RDR275,Ridhi Bal,2024-08-22,Scooter,Bangalore
RDR276,Amaira Dugar,2025-09-27,Scooter,Mumbai
RDR277,Triveni Mannan,2025-08-15,Bike,Pune
RDR278,Vivaan Lalla,2024-12-01,Scooter,Mumbai
RDR279,Irya Nori,2024-12-31,Scooter,Bangalore
RDR280,Upadhriti Sengupta,2025-12-01,Scooter,Pune
RDR281,Kashvi Dixit,2026-01-15,Scooter,Mumbai
RDR282,Amaira Manda,2025-12-04,Bicycle,Pune
RDR283,Brijesh Sant,2025-04-10,Bike,Pune
RDR284,Onkar Hegde,2025-09-04,Scooter,Pune
RDR285,Bahadurjit Devan,2025-12-15,Bike,Pune
RDR286,Robert Setty,2024-10-04,Bike,Mumbai
RDR287,Pahal Tak,2025-04-11,Bike,Mumbai
RDR288,Praneel Madan,2025-04-14,Bike,Mumbai
RDR289,Anusha Vala,2026-04-08,Bike,Bangalore
RDR290,Kritika Khalsa,2024-09-28,Bike,Pune
RDR291,Bakhshi Dewan,2025-03-04,Scooter,Mumbai
RDR292,Vrinda Panchal,2025-11-08,Scooter,Pune
RDR293,Warda Sathe,2026-02-02,Scooter,Bangalore
RDR294,Chaitaly Dani,2026-05-12,Bike,Mumbai
RDR295,Harshil Buch,2025-06-09,Bike,Pune
RDR296,Naksh Rana,2026-01-19,Scooter,Mumbai
RDR297,Champak Mani,2024-07-13,Scooter,Mumbai
RDR298,Niharika Datta,2025-08-29,Bicycle,Bangalore
RDR299,Jagdish Comar,2025-07-14,Bike,Bangalore
RDR300,Yatan Vaidya,2025-10-31,Bike,Mumbai
RDR301,Zayan Ghose,2026-05-20,Bicycle,Pune
RDR302,Vritti Pal,2024-06-22,Bike,Pune
RDR303,Rushil Krishnamurthy,2025-05-03,Scooter,Mumbai
RDR304,Oviya Borde,2025-07-17,Scooter,Pune
RDR305,Chaman Datta,2025-07-06,Bike,Mumbai
RDR306,Aarna Chaudhry,2026-04-11,Bike,Mumbai
RDR307,Aarnav Bumb,2025-08-07,Scooter,Mumbai
RDR308,Ijaya Karnik,2025-12-02,Bicycle,Pune
RDR309,Eshana Kuruvilla,2025-02-18,Bike,Bangalore
RDR310,Meghana Tandon,2024-11-02,Bike,Bangalore
RDR311,Qabil Bera,2025-06-12,Bike,Bangalore
RDR312,Xavier Mital,2024-10-25,Bike,Pune
RDR313,Ekbal Samra,2024-10-19,Bike,Bangalore
RDR314,Yochana Reddy,2024-06-29,Scooter,Bangalore
RDR315,Veer Chhabra,2025-12-23,Bicycle,Bangalore
RDR316,Dalaja Ramaswamy,2025-05-27,Bike,Bangalore
RDR317,Kritika Mittal,2024-06-20,Bike,Bangalore
RDR318,Warda Mitra,2024-11-06,Scooter,Pune
RDR319,Chatresh Boase,2024-09-09,Bike,Bangalore
RDR320,Suhani Dua,2025-07-03,Bike,Pune
RDR321,Shivani Dara,2026-04-17,Scooter,Pune
RDR322,Jagrati Desai,2024-09-27,Bike,Bangalore
RDR323,Faris Gara,2025-01-16,Bike,Bangalore
RDR324,Girish Kapoor,2025-01-06,Bike,Bangalore
RDR325,Kevin D’Alia,2025-02-21,Bike,Pune
RDR326,Neha Dasgupta,2025-06-28,Bike,Mumbai
RDR327,Amruta Sandal,2024-07-18,Bicycle,Bangalore
RDR328,Tanvi Vyas,2024-09-14,Bike,Mumbai
RDR329,Yashawini Pall,2024-09-03,Scooter,Pune
RDR330,Amrita Chacko,2024-09-12,Bike,Mumbai
RDR331,Gabriel Dhawan,2025-05-09,Scooter,Mumbai
RDR332,Lavanya Prabhakar,2025-11-25,Bike,Bangalore
RDR333,Niharika Sheth,2025-06-01,Scooter,Bangalore
RDR334,Bahadurjit Deep,2024-06-06,Bike,Pune
RDR335,Wridesh Rama,2024-10-04,Bike,Mumbai
RDR336,Nirja Behl,2024-08-16,Scooter,Mumbai
RDR337,David Patel,2026-04-03,Bike,Pune
RDR338,Mitesh Prasad,2025-12-19,Scooter,Pune
RDR339,Nisha Barman,2024-10-27,Scooter,Mumbai
RDR340,Panini Khare,2025-01-12,Scooter,Pune
RDR341,Harshil Malhotra,2026-03-26,Bike,Pune
RDR342,Kashvi Mistry,2025-08-13,Bike,Mumbai
RDR343,Isha Shenoy,2026-02-26,Bike,Mumbai
RDR344,Anay Ben,2025-09-08,Scooter,Bangalore
RDR345,Maanav Chaudry,2025-06-04,Bike,Bangalore
RDR346,Abeer Naik,2025-12-04,Bike,Mumbai
RDR347,Azaan Pandit,2025-12-08,Scooter,Mumbai
RDR348,Yatin Chander,2024-12-16,Scooter,Pune
RDR349,Xalak Vasa,2025-12-27,Bike,Bangalore
RDR350,Jonathan Yadav,2025-04-25,Scooter,Pune
RDR351,Omkaar Dutt,2024-12-02,Bike,Bangalore
RDR352,Kevin Date,2025-07-12,Bike,Bangalore
RDR353,Teerth More,2026-03-18,Scooter,Pune
RDR354,Unni Pau,2024-07-27,Bike,Bangalore
RDR355,Girik Das,2024-09-25,Bicycle,Pune
RDR356,Yadavi Dave,2024-10-03,Bike,Bangalore
RDR357,Krish Dayal,2024-11-26,Bicycle,Mumbai
RDR358,Hredhaan Gara,2025-05-08,Bike,Pune
RDR359,Isaiah Kari,2024-07-18,Bike,Mumbai
RDR360,Zaitra Aurora,2025-11-15,Bike,Mumbai
RDR361,Chameli Virk,2026-02-19,Bicycle,Pune
RDR362,Om Chakraborty,2026-01-27,Bicycle,Bangalore
RDR363,Ishita Vasa,2025-04-29,Scooter,Mumbai
RDR364,Gagan Dua,2025-09-09,Scooter,Pune
RDR365,Ekiya Bedi,2025-03-22,Bicycle,Pune
RDR366,Laban Barad,2025-06-20,Bicycle,Bangalore
RDR367,Hema Pant,2025-04-12,Bike,Mumbai
RDR368,Yauvani Chakrabarti,2024-07-13,Bike,Bangalore
RDR369,Odika Mitter,2026-05-31,Bicycle,Bangalore
RDR370,Baghyawati Dhar,2024-10-12,Bike,Mumbai
RDR371,Ekavir Oommen,2024-06-18,Bicycle,Pune
RDR372,Krishna Jani,2024-10-16,Scooter,Mumbai
RDR373,Darsh Mitter,2025-08-03,Bike,Bangalore
RDR374,Zilmil Setty,2024-06-08,Scooter,Mumbai
RDR375,Avni Arora,2024-08-03,Bike,Mumbai
RDR376,Tanish Bhattacharyya,2025-12-26,Bicycle,Mumbai
RDR377,Yatin Sharma,2025-05-22,Bike,Pune
RDR378,Vihaan Dara,2025-03-21,Scooter,Bangalore
RDR379,Lakshmi Krishnamurthy,2026-03-03,Scooter,Pune
RDR380,Yachana Kala,2025-06-03,Scooter,Pune
RDR381,Osha Deol,2025-06-13,Bike,Bangalore
RDR382,Joshua Kota,2024-07-21,Bike,Bangalore
RDR383,Ayaan Aggarwal,2024-06-16,Scooter,Bangalore
RDR384,Henry Zacharia,2025-01-26,Scooter,Mumbai
RDR385,Inaya Hans,2025-05-08,Bike,Bangalore
RDR386,Naveen Sankar,2025-03-03,Bike,Bangalore
RDR387,Rishi Trivedi,2025-11-15,Bicycle,Bangalore
RDR388,Wyatt Bala,2025-03-09,Bike,Bangalore
RDR389,Xiti Nagy,2025-06-30,Bike,Pune
RDR390,Vansha Hegde,2025-10-19,Scooter,Bangalore
RDR391,Veer Kamdar,2024-09-08,Bike,Bangalore
RDR392,Ekaja Divan,2026-01-09,Scooter,Mumbai
RDR393,Christopher Chaudhuri,2024-06-21,Bike,Pune
RDR394,Shaurya Cheema,2025-03-10,Bicycle,Mumbai
RDR395,Meghana Mistry,2026-04-25,Bicycle,Bangalore
RDR396,Ubika Deshpande,2025-03-31,Bicycle,Pune
RDR397,Mekhala Joshi,2025-04-29,Scooter,Bangalore
RDR398,Niharika Prakash,2026-03-02,Scooter,Mumbai
RDR399,Netra Parmar,2025-04-05,Bike,Pune
RDR400,Rayaan More,2024-12-26,Bike,Pune
RDR401,Oliver Yadav,2026-05-13,Bike,Mumbai
RDR402,Mohini Patel,2025-07-17,Scooter,Mumbai
RDR403,Osha Sibal,2024-12-11,Bike,Bangalore
RDR404,Krish Borah,2025-03-09,Bike,Mumbai
RDR405,Harita Bora,2025-01-11,Bike,Bangalore
RDR406,Ojasvi Kala,2025-02-15,Bike,Pune
RDR407,Henry Dugar,2025-02-04,Bike,Pune
RDR408,Rajeshri Dube,2024-09-02,Bicycle,Bangalore
RDR409,Gaurika Om,2025-03-27,Scooter,Mumbai
RDR410,Harish Roy,2025-06-03,Bike,Pune
RDR411,Karan Naidu,2025-01-10,Scooter,Bangalore
RDR412,Watika Nath,2024-06-22,Bike,Bangalore
RDR413,Hamsini Hayre,2025-03-24,Scooter,Mumbai
RDR414,Caleb Andra,2026-02-03,Scooter,Pune
RDR415,Ekaja Minhas,2025-07-25,Bike,Pune
RDR416,Damini Arora,2026-01-09,Scooter,Bangalore
RDR417,Jonathan Dhillon,2025-02-13,Bike,Pune
RDR418,Forum Upadhyay,2025-07-15,Bike,Mumbai
RDR419,Anamika Bora,2024-12-12,Bike,Bangalore
RDR420,Ekapad Kale,2025-06-29,Bike,Mumbai
RDR421,Daksh Dugal,2024-08-29,Scooter,Mumbai
RDR422,Fiyaz Nagar,2025-11-27,Bike,Mumbai
RDR423,Ranveer Dhaliwal,2026-03-22,Bike,Bangalore
RDR424,Advaith Madan,2025-10-03,Scooter,Mumbai
RDR425,Anthony Dyal,2024-06-07,Scooter,Mumbai
RDR426,Shivansh Barad,2026-02-26,Bike,Pune
RDR427,Joshua Salvi,2026-04-11,Bike,Pune
RDR428,Christopher Kohli,2024-07-11,Bicycle,Mumbai
RDR429,Rayaan Bal,2025-11-17,Scooter,Bangalore
RDR430,Harrison Agate,2025-12-25,Scooter,Mumbai
RDR431,Gaurangi Pal,2025-08-26,Bike,Bangalore
RDR432,Patrick Shere,2026-02-19,Scooter,Bangalore
RDR433,Fariq Dugar,2026-01-25,Bike,Pune
RDR434,Samaksh Narayan,2025-08-30,Scooter,Bangalore
RDR435,Dakshesh Anne,2026-02-25,Bike,Bangalore
RDR436,Eshana Behl,2025-06-07,Bike,Mumbai
RDR437,Ubika Sabharwal,2024-10-02,Scooter,Mumbai
RDR438,Henry Khare,2025-03-30,Bike,Mumbai
RDR439,Ikshita Sodhi,2024-10-14,Bike,Mumbai
RDR440,Yashodhara Dhillon,2024-10-02,Scooter,Bangalore
RDR441,Edhitha Mitter,2024-08-22,Scooter,Mumbai
RDR442,Fiyaz Chopra,2024-07-12,Bike,Pune
RDR443,Ishanvi Krishnamurthy,2024-06-28,Bike,Pune
RDR444,Chandran Parmer,2025-11-28,Bike,Pune
RDR445,Darpan Mane,2024-07-14,Scooter,Pune
RDR446,Yagnesh Patla,2025-03-31,Bike,Mumbai
RDR447,Ayaan Soman,2024-08-24,Scooter,Pune
RDR448,Jai Ramachandran,2024-11-21,Bike,Pune
RDR449,Baljiwan Dutt,2025-07-27,Bike,Pune
RDR450,Samarth Dewan,2026-05-03,Bike,Pune
RDR451,Rachana Tailor,2025-10-31,Bike,Mumbai
RDR452,Garima Parmer,2024-07-12,Bicycle,Pune
RDR453,Daksh Deep,2025-04-02,Scooter,Mumbai
RDR454,Xalak Bakshi,2026-02-12,Scooter,Mumbai
RDR455,Vedika Shenoy,2025-10-30,Bike,Bangalore
RDR456,Kevin Parmar,2025-07-11,Scooter,Pune
RDR457,Anita Balan,2026-01-24,Bike,Bangalore
RDR458,Vyanjana Murthy,2025-08-20,Bicycle,Bangalore
RDR459,Lakshit Sengupta,2025-10-11,Scooter,Mumbai
RDR460,Utkarsh Nazareth,2025-02-11,Scooter,Bangalore
RDR461,Kavya Narula,2024-08-14,Scooter,Mumbai
RDR462,Frado Mittal,2025-08-16,Bike,Mumbai
RDR463,Laban Mohan,2024-12-01,Bicycle,Mumbai
RDR464,Mitesh Mallick,2026-03-29,Bike,Pune
RDR465,Shivansh Chander,2025-02-28,Bike,Mumbai
RDR466,Aarush Kurian,2026-04-24,Bike,Bangalore
RDR467,Bishakha Sodhi,2024-08-14,Bike,Bangalore
RDR468,Indali Doshi,2026-01-06,Scooter,Bangalore
RDR469,Aarnav Dey,2024-10-03,Bicycle,Pune
RDR470,Jalsa Kara,2024-12-25,Scooter,Bangalore
RDR471,Chatresh Sekhon,2024-12-20,Bike,Bangalore
RDR472,Imaran Narayanan,2025-11-10,Bike,Bangalore
RDR473,Amol Mody,2024-07-15,Scooter,Mumbai
RDR474,Caleb Balay,2025-05-02,Bicycle,Bangalore
RDR475,David Thaker,2026-05-18,Bike,Pune
RDR476,Ishita Raju,2024-08-26,Scooter,Bangalore
RDR477,Fitan Chand,2026-03-05,Scooter,Mumbai
RDR478,Radha Ramachandran,2025-09-23,Scooter,Mumbai
RDR479,Raghav Singh,2024-07-06,Bicycle,Pune
RDR480,Tara Rout,2025-12-31,Bike,Pune
RDR481,Sudiksha Mital,2025-09-14,Scooter,Mumbai
RDR482,Abdul Sunder,2026-03-13,Bicycle,Pune
RDR483,Mekhala Anand,2025-04-19,Bicycle,Mumbai
RDR484,Jagvi Varghese,2024-11-10,Bike,Pune
RDR485,Harinakshi Badami,2024-09-19,Bike,Mumbai
RDR486,Dayamai Ray,2026-02-28,Bike,Bangalore
RDR487,Tanay Sangha,2024-08-17,Bicycle,Mumbai
RDR488,Unnati Deshpande,2024-11-17,Bike,Bangalore
RDR489,Shaurya Badal,2024-08-03,Bike,Bangalore
RDR490,Hredhaan Sundaram,2025-10-09,Scooter,Bangalore
RDR491,Ojas Shere,2026-03-18,Bicycle,Pune
RDR492,Dhriti Gokhale,2026-02-24,Scooter,Pune
RDR493,Dominic Ganesh,2026-04-28,Scooter,Mumbai
RDR494,Pranav Sura,2026-05-12,Bike,Bangalore
RDR495,Frado Bal,2026-03-13,Scooter,Pune
RDR496,Forum Kant,2025-10-09,Bicycle,Bangalore
RDR497,Lipika Baria,2025-03-14,Scooter,Pune
RDR498,Hiral Sharaf,2025-07-15,Scooter,Bangalore
RDR499,Edhitha Talwar,2024-06-07,Bicycle,Pune
RDR500,Manbir Panchal,2025-01-24,Scooter,Pune
